layer,first_mean_alert,first_cos_alert,worst_stage,worst_mean_abs,worst_cosine,input_hidden_mean,input_norm_mean,attn_output_mean,o_proj_mean,post_attn_norm_mean,gate_proj_mean,up_proj_mean,down_proj_mean,output_hidden_mean,output_hidden_cosine
0,none,none,layer0.output_hidden.bf16,0.0018369853496551514,0.9999966621398926,0.0,9.12402720132377e-06,6.211006984813139e-05,0.0004013009020127356,7.180981629062444e-05,0.0003396784304641187,0.00032130046747624874,0.0015919383149594069,0.0018369853496551514,0.9999966621398926
1,layer1.k_norm.bf16,none,layer1.gate_proj.bf16,0.005715621169656515,1.0000065565109253,0.0018369853496551514,5.740358028560877e-05,0.00023690414673183113,0.0014754354488104582,0.0006484948098659515,0.005715621169656515,0.0036223684437572956,0.001148581737652421,0.0032013417221605778,0.9999980926513672
2,layer2.input_hidden.bf16,none,layer2.gate_proj.bf16,0.00844292901456356,1.0000026226043701,0.0032013417221605778,9.783015411812812e-05,0.0003485550987534225,0.002385654952377081,0.0011306859087198973,0.00844292901456356,0.005530170165002346,0.0027123920153826475,0.006660413928329945,0.9999966025352478
3,layer3.input_hidden.bf16,none,layer3.gate_proj.bf16,0.01647868938744068,1.0000040531158447,0.006660413928329945,0.00016811472596600652,0.0004985653795301914,0.0033133882097899914,0.0013598722871392965,0.01647868938744068,0.005216129589825869,0.0026497994549572468,0.00866088829934597,0.9999954104423523
4,layer4.input_hidden.bf16,none,layer4.gate_proj.bf16,0.027967100962996483,1.0000040531158447,0.00866088829934597,0.00021560229652095586,0.0007180275279097259,0.0045461589470505714,0.001216893782839179,0.027967100962996483,0.004617214202880859,0.00597452512010932,0.011612939648330212,0.9999960660934448
5,layer5.input_hidden.bf16,layer5.post_attn_norm.bf16,layer5.k_norm_rope.bf16,0.01682749018073082,0.999968409538269,0.011612939648330212,0.00024916455731727183,0.00076584197813645,0.005043775774538517,0.0008886115392670035,0.005515127908438444,0.003662681207060814,0.00846061296761036,0.012023961171507835,0.9999970197677612
6,layer6.input_hidden.bf16,none,layer6.output_hidden.bf16,0.012229490093886852,0.9999964833259583,0.012023961171507835,0.0003018752613570541,0.0007980246446095407,0.004987725056707859,0.0008294183062389493,0.0033704815432429314,0.0032163874711841345,0.006447439547628164,0.012229490093886852,0.9999964833259583
7,layer7.input_hidden.bf16,none,layer7.output_hidden.bf16,0.016649866476655006,0.9999961256980896,0.012229490093886852,0.00040836335392668843,0.0010187487350776792,0.006716424133628607,0.000982120749540627,0.003984097391366959,0.0038810933474451303,0.00950291845947504,0.016649866476655006,0.9999961256980896
8,layer8.input_hidden.bf16,layer8.attn_output.bf16,layer8.output_hidden.bf16,0.018915796652436256,0.9999949932098389,0.016649866476655006,0.0006373748183250427,0.0011651588138192892,0.008671363815665245,0.0011052810586988926,0.004476419184356928,0.00446892948821187,0.01076730340719223,0.018915796652436256,0.9999949932098389
9,layer9.input_hidden.bf16,none,layer9.output_hidden.bf16,0.020586419850587845,0.9999952912330627,0.018915796652436256,0.000687994179315865,0.0009358435636386275,0.0059801628813147545,0.0012921480229124427,0.00521759083494544,0.0052346838638186455,0.014161603525280952,0.020586419850587845,0.9999952912330627
10,layer10.input_hidden.bf16,none,layer10.output_hidden.bf16,0.02197265625,0.9999954104423523,0.020586419850587845,0.0009179089101962745,0.0009591825655661523,0.00634254515171051,0.0012659367639571428,0.005192536395043135,0.005235636606812477,0.014633464626967907,0.02197265625,0.9999954104423523
11,layer11.input_hidden.bf16,none,layer11.output_hidden.bf16,0.02221851423382759,0.9999963641166687,0.02197265625,0.000599402585066855,0.0007832637056708336,0.0053764404729008675,0.001159858307801187,0.005381103605031967,0.00475971307605505,0.012816528789699078,0.02221851423382759,0.9999963641166687
12,layer12.input_hidden.bf16,none,layer12.input_hidden.bf16,0.02221851423382759,0.9999963641166687,0.02221851423382759,0.000578438222873956,0.0006652012816630304,0.004504283890128136,0.0009957464644685388,0.004144130274653435,0.0040740580298006535,0.009747784584760666,0.02104017697274685,0.9999961853027344
13,layer13.input_hidden.bf16,none,layer13.output_hidden.bf16,0.022183310240507126,0.9999968409538269,0.02104017697274685,0.0004407886299304664,0.0006101994076743722,0.004809732548892498,0.000893659598659724,0.0035959992092102766,0.003676540683954954,0.008881506510078907,0.022183310240507126,0.9999968409538269
14,layer14.input_hidden.bf16,none,layer14.output_hidden.bf16,0.023501014336943626,0.9999947547912598,0.022183310240507126,0.0005945677403360605,0.0011726946104317904,0.007848819717764854,0.000880187377333641,0.0035229709465056658,0.0035561295226216316,0.009781241416931152,0.023501014336943626,0.9999947547912598
15,layer15.input_hidden.bf16,none,layer15.input_hidden.bf16,0.023501014336943626,0.9999947547912598,0.023501014336943626,0.0005757299368269742,0.0007698482950218022,0.005060515366494656,0.0008577776025049388,0.0035758917219936848,0.003563822014257312,0.008931680582463741,0.023470163345336914,0.9999952912330627
16,layer16.input_hidden.bf16,none,layer16.input_hidden.bf16,0.023470163345336914,0.9999952912330627,0.023470163345336914,0.0007565394043922424,0.0008544368320144713,0.004930682014673948,0.0008186234044842422,0.0033968875650316477,0.0034013574477285147,0.007863642647862434,0.023236632347106934,0.9999944567680359
17,layer17.input_hidden.bf16,none,layer17.output_hidden.bf16,0.02442789077758789,0.9999955892562866,0.023236632347106934,0.0006462488090619445,0.0010870866244658828,0.006579544395208359,0.0008066307054832578,0.0033564958721399307,0.003372919512912631,0.008042976260185242,0.02442789077758789,0.9999955892562866
18,layer18.input_hidden.bf16,none,layer18.output_hidden.bf16,0.02488861046731472,0.999995768070221,0.02442789077758789,0.0006904457695782185,0.0007808980881236494,0.004512636456638575,0.0008076142403297126,0.0033051015343517065,0.0033863892313092947,0.007975617423653603,0.02488861046731472,0.999995768070221
19,layer19.input_hidden.bf16,none,layer19.output_hidden.bf16,0.030795622617006302,0.9999945163726807,0.02488861046731472,0.0009991757106035948,0.0016882919007912278,0.011958288960158825,0.0009897156851366162,0.00405913358554244,0.004095223266631365,0.014454895630478859,0.030795622617006302,0.9999945163726807
20,layer20.input_hidden.bf16,none,layer20.output_hidden.bf16,0.03300504758954048,0.9999955892562866,0.030795622617006302,0.00101982313208282,0.0012018068227916956,0.007213751785457134,0.0010019311448559165,0.004317789804190397,0.004183267708867788,0.01616814360022545,0.03300504758954048,0.9999955892562866
21,layer21.input_hidden.bf16,none,layer21.output_hidden.bf16,0.03706317022442818,0.9999936819076538,0.03300504758954048,0.0011005233973264694,0.0013400317402556539,0.007320626638829708,0.001113412668928504,0.0045502036809921265,0.004680987913161516,0.016634082421660423,0.03706317022442818,0.9999936819076538
22,layer22.input_hidden.bf16,none,layer22.output_hidden.bf16,0.040442656725645065,0.9999973773956299,0.03706317022442818,0.001563825411722064,0.0019663285929709673,0.01145279873162508,0.0010584075935184956,0.00412265257909894,0.004375425633043051,0.020671414211392403,0.040442656725645065,0.9999973773956299
23,layer23.input_hidden.bf16,none,layer23.output_hidden.bf16,0.05127448961138725,0.9999977946281433,0.040442656725645065,0.0013566568959504366,0.0021779388189315796,0.012765586376190186,0.001149466959759593,0.004895837511867285,0.0050595346838235855,0.032380830496549606,0.05127448961138725,0.9999977946281433
24,layer24.input_hidden.bf16,none,layer24.output_hidden.bf16,0.057730842381715775,0.9999974966049194,0.05127448961138725,0.0017818048363551497,0.0030554947443306446,0.017103049904108047,0.0012353265192359686,0.00469913799315691,0.005062607116997242,0.025590047240257263,0.057730842381715775,0.9999974966049194
25,layer25.input_hidden.bf16,none,layer25.output_hidden.bf16,0.06532211601734161,0.9999974966049194,0.057730842381715775,0.0016040172195062041,0.0029465346597135067,0.02005857042968273,0.001244453713297844,0.004768530372530222,0.0051726726815104485,0.025690197944641113,0.06532211601734161,0.9999974966049194
26,layer26.input_hidden.bf16,none,layer26.output_hidden.bf16,0.07190513610839844,0.9999977350234985,0.06532211601734161,0.0019421853357926011,0.002334353979676962,0.011710023507475853,0.0013321777805685997,0.004975665360689163,0.00532228359952569,0.027987921610474586,0.07190513610839844,0.9999977350234985
27,layer27.input_hidden.bf16,none,layer27.output_hidden.bf16,0.07998809963464737,0.9999976754188538,0.07190513610839844,0.0021327310241758823,0.0034133726730942726,0.019520822912454605,0.0013898800825700164,0.005185116548091173,0.005550947040319443,0.027533242478966713,0.07998809963464737,0.9999976754188538
28,layer28.input_hidden.bf16,none,layer28.output_hidden.bf16,0.090143583714962,0.999997615814209,0.07998809963464737,0.002108946442604065,0.0026559371035546064,0.014129484072327614,0.0015333801275119185,0.005417454056441784,0.0057779839262366295,0.030529633164405823,0.090143583714962,0.999997615814209
29,layer29.input_hidden.bf16,none,layer29.output_hidden.bf16,0.10437755286693573,0.9999976754188538,0.090143583714962,0.0030356261413544416,0.0043368712067604065,0.020960701629519463,0.001714754500426352,0.00588266970589757,0.006404599640518427,0.03425426036119461,0.10437755286693573,0.9999976754188538
30,layer30.input_hidden.bf16,none,layer30.output_hidden.bf16,0.12139644473791122,0.999998152256012,0.10437755286693573,0.003877201583236456,0.00842035748064518,0.04429580643773079,0.0016463734209537506,0.006006941199302673,0.006659235805273056,0.04451834037899971,0.12139644473791122,0.999998152256012
31,layer31.input_hidden.bf16,none,layer31.output_hidden.bf16,0.14210128784179688,0.9999974370002747,0.12139644473791122,0.003824576735496521,0.0066329860128462315,0.03506418317556381,0.0017261721659451723,0.006467191968113184,0.007084697484970093,0.06040497496724129,0.14210128784179688,0.9999974370002747
32,layer32.input_hidden.bf16,none,layer32.output_hidden.bf16,0.19702835381031036,0.9999945759773254,0.14210128784179688,0.0047521949745714664,0.01091565191745758,0.05826989933848381,0.0020261751487851143,0.008314046077430248,0.008539014495909214,0.09763722121715546,0.19702835381031036,0.9999945759773254
33,layer33.input_hidden.bf16,none,layer33.output_hidden.bf16,0.24989815056324005,0.9999945759773254,0.19702835381031036,0.007033498492091894,0.008594293147325516,0.045226529240608215,0.002332538366317749,0.008925777859985828,0.00955334771424532,0.11929447948932648,0.24989815056324005,0.9999945759773254
34,layer34.input_hidden.bf16,none,layer34.output_hidden.bf16,0.546417236328125,0.9999905824661255,0.24989815056324005,0.009314312599599361,0.03180010989308357,0.22222928702831268,0.0032838047482073307,0.021403152495622635,0.019516896456480026,0.34073424339294434,0.546417236328125,0.9999905824661255
35,layer35.input_hidden.bf16,none,layer35.output_hidden.bf16,1.036248803138733,0.9999911785125732,0.546417236328125,0.010053202509880066,0.03791358694434166,0.2699040472507477,0.004079952836036682,0.03370368480682373,0.02805514447391033,0.6681631803512573,1.036248803138733,0.9999911785125732
